INSERT INTO `user` VALUES ('1', '2022-05-19 20:26:24', '2022-05-19 20:26:24', NULL, NULL, '张三', NULL, NULL);
INSERT INTO `user` VALUES ('2', '2022-05-19 20:26:39', '2022-05-19 20:26:39', NULL, NULL, '李四', NULL, NULL);
INSERT INTO `user` VALUES ('3', '2022-05-19 20:26:48', '2022-05-19 20:26:48', NULL, NULL, '老大', NULL, NULL);
INSERT INTO `user` VALUES ('4', '2022-05-19 20:26:56', '2022-05-19 20:26:56', NULL, NULL, '王五', NULL, NULL);
INSERT INTO `tuple_member` VALUES ('16', '2022-05-19 20:25:58', '2022-05-19 20:25:58', '6', '11', '1', '张三', 0, 'xxx');
INSERT INTO `tuple_member` VALUES ('17', '2022-05-19 20:25:39', '2022-05-19 20:25:39', '6', '11', '2', '李四', 0, 'xxx');
INSERT INTO `tuple_member` VALUES ('18', '2022-05-19 20:25:13', '2022-05-19 20:25:13', '6', '12', '4', '王五', 0, 'xxx');
INSERT INTO `tuple` VALUES ('11', '2022-05-19 20:24:27', '2022-05-19 20:24:27', '3', '6', '试试', 2);
INSERT INTO `tuple` VALUES ('12', '2022-05-19 20:23:55', '2022-05-19 20:23:55', '4', '6', '还好啊', 1);
INSERT INTO `organization` VALUES ('6', '2022-05-19 21:01:10', '2022-05-19 21:01:10', '还行', '3', NULL, NULL, NULL);
INSERT INTO `img_label` VALUES ('51', '2022-05-19 20:30:15', '2022-05-19 20:30:15', '死亡证明');
INSERT INTO `form_records` VALUES ('1527273298609537025', '2022-05-19 21:01:44', '2022-05-19 21:01:44', '1527273297393188866', '6', '11', '1', 0, NULL, NULL, NULL, NULL);
INSERT INTO `form_records` VALUES ('1527273298609537026', '2022-05-19 21:01:44', '2022-05-19 21:01:44', '1527273297393188866', '6', '11', '2', 0, NULL, NULL, NULL, NULL);
INSERT INTO `form_records` VALUES ('1527273298676645890', '2022-05-19 21:01:44', '2022-05-19 21:01:44', '1527273297393188866', '6', '12', '4', 0, NULL, NULL, NULL, NULL);
INSERT INTO `form_records` VALUES ('1527274078888493059', '2022-05-19 21:04:50', '2022-05-19 21:04:50', '1527274078825578498', '6', '11', '1', 0, NULL, NULL, NULL, NULL);
INSERT INTO `form_records` VALUES ('1527274078951407618', '2022-05-19 21:04:50', '2022-05-19 21:04:50', '1527274078825578498', '6', '11', '2', 0, NULL, NULL, NULL, NULL);
INSERT INTO `form_records` VALUES ('1527274078951407619', '2022-05-19 21:04:50', '2022-05-19 21:04:50', '1527274078825578498', '6', '12', '4', 0, NULL, NULL, NULL, NULL);
INSERT INTO `form_label` VALUES ('41', '2022-05-19 20:29:10', '2022-05-19 20:29:10', '姓名');
INSERT INTO `form_label` VALUES ('42', '2022-05-19 20:29:18', '2022-05-19 20:29:18', '身份证号');
INSERT INTO `form_label` VALUES ('43', '2022-05-19 20:29:30', '2022-05-19 20:29:30', '手机号');
INSERT INTO `form_count_tuple` VALUES ('1527273298676645891', '2022-05-19 21:01:44', '2022-05-19 21:01:44', '1527273297393188866', '11', 2, 0, 0);
INSERT INTO `form_count_tuple` VALUES ('1527273298676645892', '2022-05-19 21:01:44', '2022-05-19 21:01:44', '1527273297393188866', '12', 1, 0, 0);
INSERT INTO `form_count_tuple` VALUES ('1527274078951407620', '2022-05-19 21:04:50', '2022-05-19 21:04:50', '1527274078825578498', '11', 2, 0, 0);
INSERT INTO `form_count_tuple` VALUES ('1527274078951407621', '2022-05-19 21:04:50', '2022-05-19 21:04:50', '1527274078825578498', '12', 1, 0, 0);
INSERT INTO `form_count` VALUES ('1527273298542428162', '2022-05-19 21:01:44', '2022-05-19 21:01:44', '1527273297393188866', 3, 0, 0);
INSERT INTO `form_count` VALUES ('1527274078888493058', '2022-05-19 21:04:50', '2022-05-19 21:04:50', '1527274078825578498', 3, 0, 0);
INSERT INTO `form` VALUES ('1527273297393188866', '2022-05-19 21:01:44', '2022-05-19 21:01:44', '1', 0, '你必绿码', '{\"title1\": \"姓名\", \"title2\": \"身份证号\"}', '{\"title3\": \"死亡证明\"}', 1, 1, '6', '2022-05-19 20:35:34', '2022-05-19 20:35:34', 0, NULL);
INSERT INTO `form` VALUES ('1527274078825578498', '2022-05-19 21:04:50', '2022-05-19 21:04:50', '1', 0, '你没事吧', '{\"title1\": \"姓名\", \"title2\": \"身份证号\"}', '{}', 1, 1, '6', '2022-05-19 20:35:34', '2022-05-19 20:35:34', 0, NULL);


